<?xml version="1.0" encoding="UTF-8"?><?xml-stylesheet type="text/css" href="idempiereDocument.css"?><idempiereDocument>
    <header>Beluga Serverprint Package Description</header>
    <H1>Package Name:</H1>
    <packagename>Beluga Serverprint</packagename>
    <H1>Author:</H1>
    <Name:/>
    <H1>Email Address:</H1>
    <Email/>
    <H1>Created:</H1>
    <Date>2021-12-06 15:19:01.728</Date>
    <H1>Updated:</H1>
    <Date>2024-10-24 16:13:35.929</Date>
    <H1>Description:</H1>
    <description>Beluga Serverprint provides a toolbar button to print, send email and archive a document. The print profile depends on the document type, the tab, organisation and the user logged in.</description>
    <H1>Instructions:</H1>
    <instructions/>
    <H1>Files in Package:</H1>
    <file>File: PackOut.xml</file>
    <filedirectory>Directory: \dict\</filedirectory>
    <filenotes>Notes: Contains all application/object settings for package</filenotes>
    <H1>Client:</H1>
    <Client>0-SYSTEM-System</Client>
</idempiereDocument>
